{
	"info": {
		"_postman_id": "dfdada88-1087-4f55-a7f6-d6eb6756ae81",
		"name": "Application",
		"schema": "https://schema.getpostman.com/json/collection/v2.1.0/collection.json",
		"_exporter_id": "17395396"
	},
	"item": [
		{
			"name": "Login/Registration",
			"item": [
				{
					"name": "http://localhost:7000/api/employee/registration",
					"request": {
						"method": "POST",
						"header": [],
						"body": {
							"mode": "raw",
							"raw": "{\n    \"email\": \"parmeet@gmail.com\",\n    \"password\": \"Gameover\"\n    \n}",
							"options": {
								"raw": {
									"language": "json"
								}
							}
						},
						"url": {
							"raw": "http://localhost:7000/api/employee/login",
							"protocol": "http",
							"host": [
								"localhost"
							],
							"port": "7000",
							"path": [
								"api",
								"employee",
								"login"
							]
						}
					},
					"response": []
				},
				{
					"name": "http://localhost:7000/api/employee/login",
					"request": {
						"method": "POST",
						"header": [],
						"url": {
							"raw": "http://localhost:7000/api/employee/login",
							"protocol": "http",
							"host": [
								"localhost"
							],
							"port": "7000",
							"path": [
								"api",
								"employee",
								"login"
							]
						}
					},
					"response": []
				}
			]
		},
		{
			"name": "Manager Crud",
			"item": [
				{
					"name": "http://localhost:7000/api/department",
					"request": {
						"method": "POST",
						"header": [
							{
								"key": "Authorization",
								"value": "",
								"type": "text"
							}
						],
						"body": {
							"mode": "raw",
							"raw": "{\n    \"departmentName\" : \"Sales\",\n    \"categoryName\": \"Associate\",\n    \"location\": \"Noida\",\n    \"salary\": 250000,\n    \"employeeID\": \"6474f1ec3c4c8e41eae033cb\"\n}",
							"options": {
								"raw": {
									"language": "json"
								}
							}
						},
						"url": {
							"raw": "http://localhost:7000/api/department",
							"protocol": "http",
							"host": [
								"localhost"
							],
							"port": "7000",
							"path": [
								"api",
								"department"
							]
						}
					},
					"response": []
				},
				{
					"name": "http://localhost:7000/api/department",
					"request": {
						"method": "GET",
						"header": [
							{
								"key": "Authorization",
								"value": "",
								"type": "text"
							}
						],
						"url": {
							"raw": "http://localhost:7000/api/department",
							"protocol": "http",
							"host": [
								"localhost"
							],
							"port": "7000",
							"path": [
								"api",
								"department"
							]
						}
					},
					"response": []
				},
				{
					"name": "http://localhost:7000/api/department/",
					"request": {
						"method": "PUT",
						"header": [
							{
								"key": "Authorization",
								"value": "",
								"type": "text"
							}
						],
						"body": {
							"mode": "raw",
							"raw": "{ \n    \"id\": \"6475a7d03f91eeebf923538e\",\n    \"departmentName\": \"Accounts\",\n    \"categoryName\": \"Associate\",\n    \"location\": \"Pune\",\n    \"salary\": 20000\n}",
							"options": {
								"raw": {
									"language": "json"
								}
							}
						},
						"url": {
							"raw": "http://localhost:7000/api/department",
							"protocol": "http",
							"host": [
								"localhost"
							],
							"port": "7000",
							"path": [
								"api",
								"department"
							]
						}
					},
					"response": []
				},
				{
					"name": "http://localhost:7000/api/department/:id",
					"request": {
						"method": "GET",
						"header": [
							{
								"key": "Authorization",
								"value": "",
								"type": "text"
							}
						],
						"url": {
							"raw": "http://localhost:7000/api/department/:id",
							"protocol": "http",
							"host": [
								"localhost"
							],
							"port": "7000",
							"path": [
								"api",
								"department",
								":id"
							],
							"variable": [
								{
									"key": "id",
									"value": null
								}
							]
						}
					},
					"response": []
				},
				{
					"name": "http://localhost:7000/api/department",
					"request": {
						"method": "DELETE",
						"header": [],
						"body": {
							"mode": "raw",
							"raw": "{\n    \"id\": \"6475a7d03f91eeebf923538e\"\n}",
							"options": {
								"raw": {
									"language": "json"
								}
							}
						},
						"url": {
							"raw": "http://localhost:7000/api/department",
							"protocol": "http",
							"host": [
								"localhost"
							],
							"port": "7000",
							"path": [
								"api",
								"department"
							]
						}
					},
					"response": []
				}
			]
		}
	]
}